ticket_id,created_at,sprint,language,ticket_type_pred,workflow_pred,area_of_emr_pred,confidence,flagged_for_review,review_reason,pii_entities_redacted,pii_escape,taxonomy_version,model_version
AVA-1041,2026-06-28T08:19:00,1,en,bug_report,reporting,pharmacy,0.938,0,,1,0,1.4.0,qwen3.5:9b
AVA-1042,2026-06-25T17:56:00,1,en,feature_request,orders_and_results,interoperability,0.75,0,,0,0,1.4.0,qwen3.5:9b
AVA-1043,2026-06-24T16:08:00,1,en,question,scheduling,clinical_documentation,0.875,0,,0,0,1.4.0,qwen3.5:9b
AVA-1044,2026-06-24T13:39:00,1,en,access_request,charting,pharmacy,0.739,0,,2,0,1.4.0,qwen3.5:9b
AVA-1045,2026-06-22T10:20:00,1,fr,access_request,billing,clinical_documentation,0.903,0,,4,0,1.4.0,qwen3.5:9b
AVA-1046,2026-06-23T13:27:00,1,en,feature_request,reporting,patient_portal,0.853,0,,0,0,1.4.0,qwen3.5:9b
AVA-1047,2026-06-28T10:48:00,1,en,bug_report,patient_intake,patient_portal,0.98,0,,1,0,1.4.0,qwen3.5:9b
AVA-1048,2026-06-26T17:52:00,1,en,bug_report,patient_intake,admin_console,0.801,0,,2,0,1.4.0,qwen3.5:9b
AVA-1049,2026-06-26T10:33:00,1,en,documentation,charting,clinical_documentation,0.923,0,,1,0,1.4.0,qwen3.5:9b
AVA-1050,2026-06-22T11:58:00,1,en,feature_request,charting,patient_portal,0.945,0,,1,0,1.4.0,qwen3.5:9b
AVA-1051,2026-06-27T15:09:00,1,en,bug_report,orders_and_results,lab_integration,0.949,0,,4,0,1.4.0,qwen3.5:9b
AVA-1052,2026-06-28T12:46:00,1,en,access_request,patient_intake,pharmacy,0.44,1,below_confidence_gate,1,0,1.4.0,qwen3.5:9b
AVA-1053,2026-06-22T13:11:00,1,en,documentation,reporting,admin_console,0.962,0,,2,0,1.4.0,qwen3.5:9b
AVA-1054,2026-06-28T14:35:00,1,en,feature_request,scheduling,patient_portal,0.736,0,,0,0,1.4.0,qwen3.5:9b
AVA-1055,2026-06-28T17:26:00,1,en,access_request,orders_and_results,clinical_documentation,0.821,0,,4,0,1.4.0,qwen3.5:9b
AVA-1056,2026-06-25T12:41:00,1,en,bug_report,reporting,interoperability,0.949,0,,0,0,1.4.0,qwen3.5:9b
AVA-1057,2026-06-23T11:06:00,1,fr,question,patient_intake,clinical_documentation,0.781,0,,0,0,1.4.0,qwen3.5:9b
AVA-1058,2026-06-25T08:15:00,1,en,feature_request,billing,pharmacy,0.811,0,,0,0,1.4.0,qwen3.5:9b
AVA-1059,2026-06-23T15:14:00,1,en,question,reporting,interoperability,0.798,0,,2,0,1.4.0,qwen3.5:9b
AVA-1060,2026-06-25T09:28:00,1,fr,bug_report,patient_intake,pharmacy,0.804,0,,1,0,1.4.0,qwen3.5:9b
AVA-1061,2026-06-26T07:17:00,1,en,bug_report,orders_and_results,lab_integration,0.964,0,,1,0,1.4.0,qwen3.5:9b
AVA-1062,2026-06-26T09:21:00,1,en,feature_request,orders_and_results,interoperability,0.951,0,,0,0,1.4.0,qwen3.5:9b
AVA-1063,2026-06-23T10:39:00,1,en,documentation,charting,interoperability,0.851,0,,2,0,1.4.0,qwen3.5:9b
AVA-1064,2026-06-22T07:45:00,1,fr,feature_request,charting,patient_portal,0.914,0,,1,0,1.4.0,qwen3.5:9b
AVA-1065,2026-06-25T16:17:00,1,en,question,scheduling,interoperability,0.745,0,,0,0,1.4.0,qwen3.5:9b
AVA-1066,2026-06-25T16:14:00,1,en,feature_request,reporting,lab_integration,0.733,0,,1,0,1.4.0,qwen3.5:9b
AVA-1067,2026-06-25T10:41:00,1,en,feature_request,billing,lab_integration,0.814,0,,0,0,1.4.0,qwen3.5:9b
AVA-1068,2026-06-23T12:57:00,1,en,question,patient_intake,interoperability,0.752,0,,0,0,1.4.0,qwen3.5:9b
AVA-1069,2026-06-27T12:31:00,1,en,question,orders_and_results,clinical_documentation,0.736,0,,2,0,1.4.0,qwen3.5:9b
AVA-1070,2026-06-25T14:03:00,1,en,question,charting,lab_integration,0.798,0,,1,0,1.4.0,qwen3.5:9b
AVA-1071,2026-06-23T13:23:00,1,en,question,charting,clinical_documentation,0.868,0,,2,0,1.4.0,qwen3.5:9b
AVA-1072,2026-06-25T08:06:00,1,en,feature_request,billing,pharmacy,0.892,0,,0,0,1.4.0,qwen3.5:9b
AVA-1073,2026-06-22T11:51:00,1,fr,question,patient_intake,interoperability,0.963,0,,0,0,1.4.0,qwen3.5:9b
AVA-1074,2026-06-27T08:28:00,1,en,bug_report,scheduling,clinical_documentation,0.382,1,below_confidence_gate,2,0,1.4.0,qwen3.5:9b
AVA-1075,2026-06-22T15:30:00,1,en,documentation,scheduling,interoperability,0.749,0,,1,0,1.4.0,qwen3.5:9b
AVA-1076,2026-06-22T12:43:00,1,en,bug_report,scheduling,patient_portal,0.828,0,,0,0,1.4.0,qwen3.5:9b
AVA-1077,2026-06-22T15:52:00,1,en,documentation,charting,interoperability,0.735,0,,0,0,1.4.0,qwen3.5:9b
AVA-1078,2026-06-25T17:19:00,1,en,bug_report,billing,lab_integration,0.95,0,,2,0,1.4.0,qwen3.5:9b
AVA-1079,2026-06-23T18:22:00,1,en,bug_report,billing,pharmacy,0.805,0,,2,0,1.4.0,qwen3.5:9b
AVA-1080,2026-06-28T18:42:00,1,fr,question,billing,clinical_documentation,0.923,0,,4,0,1.4.0,qwen3.5:9b
AVA-1081,2026-06-25T09:10:00,1,en,feature_request,charting,clinical_documentation,0.911,0,,0,0,1.4.0,qwen3.5:9b
AVA-1082,2026-06-25T13:35:00,1,en,documentation,patient_intake,pharmacy,0.898,0,,1,0,1.4.0,qwen3.5:9b
AVA-1083,2026-06-26T16:02:00,1,en,bug_report,orders_and_results,lab_integration,0.51,1,below_confidence_gate,0,0,1.4.0,qwen3.5:9b
AVA-1084,2026-06-26T12:31:00,1,en,feature_request,orders_and_results,lab_integration,0.822,0,,2,0,1.4.0,qwen3.5:9b
AVA-1085,2026-06-22T16:27:00,1,fr,access_request,patient_intake,lab_integration,0.571,1,below_confidence_gate,0,0,1.4.0,qwen3.5:9b
AVA-1086,2026-06-28T10:34:00,1,en,bug_report,reporting,pharmacy,0.797,0,,1,0,1.4.0,qwen3.5:9b
AVA-1087,2026-06-23T14:34:00,1,en,feature_request,orders_and_results,patient_portal,0.9,0,,0,0,1.4.0,qwen3.5:9b
AVA-1088,2026-06-25T12:30:00,1,en,bug_report,scheduling,admin_console,0.593,1,below_confidence_gate,1,0,1.4.0,qwen3.5:9b
AVA-1089,2026-06-22T18:25:00,1,en,bug_report,reporting,admin_console,0.384,1,below_confidence_gate,0,0,1.4.0,qwen3.5:9b
AVA-1090,2026-06-26T17:19:00,1,en,bug_report,orders_and_results,patient_portal,0.789,0,,0,0,1.4.0,qwen3.5:9b
AVA-1091,2026-06-27T08:42:00,1,en,question,billing,admin_console,0.979,0,,2,0,1.4.0,qwen3.5:9b
AVA-1092,2026-06-25T16:28:00,1,en,access_request,orders_and_results,interoperability,0.561,1,below_confidence_gate,0,0,1.4.0,qwen3.5:9b
AVA-1093,2026-06-28T07:57:00,1,en,feature_request,scheduling,clinical_documentation,0.877,0,,0,0,1.4.0,qwen3.5:9b
AVA-1094,2026-06-23T10:16:00,1,fr,documentation,billing,interoperability,0.774,0,,0,0,1.4.0,qwen3.5:9b
AVA-1095,2026-06-27T07:59:00,1,en,documentation,reporting,clinical_documentation,0.802,0,,4,0,1.4.0,qwen3.5:9b
AVA-1096,2026-06-23T12:20:00,1,en,access_request,scheduling,clinical_documentation,0.722,0,,1,0,1.4.0,qwen3.5:9b
AVA-1097,2026-06-22T18:24:00,1,en,question,billing,pharmacy,0.78,0,,2,0,1.4.0,qwen3.5:9b
AVA-1098,2026-06-28T14:57:00,1,fr,bug_report,billing,lab_integration,0.848,0,,0,0,1.4.0,qwen3.5:9b
AVA-1099,2026-06-24T12:01:00,1,fr,bug_report,scheduling,pharmacy,0.803,0,,1,0,1.4.0,qwen3.5:9b
AVA-1100,2026-06-23T18:01:00,1,en,feature_request,billing,pharmacy,0.878,0,,1,0,1.4.0,qwen3.5:9b
AVA-1101,2026-06-25T14:32:00,1,en,documentation,scheduling,pharmacy,0.739,0,,0,0,1.4.0,qwen3.5:9b
AVA-1102,2026-06-28T14:15:00,1,en,bug_report,scheduling,interoperability,0.94,0,,1,0,1.4.0,qwen3.5:9b
AVA-1103,2026-06-22T10:03:00,1,en,documentation,scheduling,clinical_documentation,0.804,0,,1,0,1.4.0,qwen3.5:9b
AVA-1104,2026-06-28T07:41:00,1,en,feature_request,charting,lab_integration,0.807,0,,0,0,1.4.0,qwen3.5:9b
AVA-1105,2026-06-23T15:20:00,1,en,bug_report,scheduling,interoperability,0.891,0,,4,0,1.4.0,qwen3.5:9b
AVA-1106,2026-06-24T13:22:00,1,en,documentation,reporting,patient_portal,0.841,0,,1,0,1.4.0,qwen3.5:9b
AVA-1107,2026-06-22T08:55:00,1,en,feature_request,billing,admin_console,0.956,0,,0,0,1.4.0,qwen3.5:9b
AVA-1108,2026-06-23T13:46:00,1,en,bug_report,orders_and_results,interoperability,0.859,0,,4,0,1.4.0,qwen3.5:9b
AVA-1109,2026-06-28T11:04:00,1,fr,access_request,patient_intake,patient_portal,0.785,0,,2,0,1.4.0,qwen3.5:9b
AVA-1110,2026-06-25T18:02:00,1,en,question,charting,admin_console,0.954,0,,2,0,1.4.0,qwen3.5:9b
AVA-1111,2026-06-26T17:20:00,1,en,bug_report,patient_intake,lab_integration,0.8,0,,0,0,1.4.0,qwen3.5:9b
AVA-1112,2026-06-24T17:45:00,1,en,feature_request,reporting,interoperability,0.961,0,,0,0,1.4.0,qwen3.5:9b
AVA-1113,2026-06-25T07:32:00,1,en,question,scheduling,patient_portal,0.957,0,,1,0,1.4.0,qwen3.5:9b
AVA-1114,2026-06-22T07:45:00,1,fr,access_request,patient_intake,pharmacy,0.885,0,,0,0,1.4.0,qwen3.5:9b
AVA-1115,2026-06-23T07:22:00,1,fr,documentation,orders_and_results,patient_portal,0.389,1,below_confidence_gate,1,0,1.4.0,qwen3.5:9b
AVA-1116,2026-06-26T17:34:00,1,fr,bug_report,charting,clinical_documentation,0.616,1,below_confidence_gate,0,0,1.4.0,qwen3.5:9b
AVA-1117,2026-06-22T12:53:00,1,en,bug_report,charting,admin_console,0.816,0,,0,0,1.4.0,qwen3.5:9b
AVA-1118,2026-06-24T09:13:00,1,en,documentation,scheduling,interoperability,0.896,0,,0,0,1.4.0,qwen3.5:9b
AVA-1119,2026-06-22T17:33:00,1,en,access_request,reporting,interoperability,0.889,0,,3,0,1.4.0,qwen3.5:9b
AVA-1120,2026-06-26T09:59:00,1,en,feature_request,reporting,clinical_documentation,0.887,0,,0,0,1.4.0,qwen3.5:9b
AVA-1121,2026-06-26T17:30:00,1,en,question,scheduling,admin_console,0.878,0,,1,0,1.4.0,qwen3.5:9b
AVA-1122,2026-06-22T09:14:00,1,en,bug_report,orders_and_results,interoperability,0.929,0,,0,0,1.4.0,qwen3.5:9b
AVA-1123,2026-06-23T14:04:00,1,en,bug_report,scheduling,interoperability,0.731,0,,0,0,1.4.0,qwen3.5:9b
AVA-1124,2026-06-27T17:09:00,1,en,bug_report,orders_and_results,admin_console,0.979,0,,0,0,1.4.0,qwen3.5:9b
AVA-1125,2026-06-26T11:51:00,1,en,feature_request,billing,admin_console,0.971,0,,0,0,1.4.0,qwen3.5:9b
AVA-1126,2026-06-24T17:21:00,1,fr,question,billing,interoperability,0.921,0,,1,0,1.4.0,qwen3.5:9b
AVA-1127,2026-06-23T07:58:00,1,en,bug_report,scheduling,clinical_documentation,0.867,0,,0,0,1.4.0,qwen3.5:9b
AVA-1128,2026-06-27T10:45:00,1,en,question,charting,interoperability,0.887,0,,1,0,1.4.0,qwen3.5:9b
AVA-1129,2026-06-23T16:20:00,1,en,feature_request,patient_intake,pharmacy,0.837,0,,0,0,1.4.0,qwen3.5:9b
AVA-1130,2026-06-24T07:29:00,1,en,feature_request,patient_intake,lab_integration,0.929,0,,1,0,1.4.0,qwen3.5:9b
AVA-1131,2026-06-24T09:41:00,1,en,access_request,orders_and_results,interoperability,0.916,0,,1,0,1.4.0,qwen3.5:9b
AVA-1132,2026-06-24T08:00:00,1,en,feature_request,scheduling,pharmacy,0.761,0,,1,0,1.4.0,qwen3.5:9b
AVA-1133,2026-06-22T09:10:00,1,en,feature_request,scheduling,pharmacy,0.812,0,,1,0,1.4.0,qwen3.5:9b
AVA-1134,2026-06-23T11:09:00,1,en,bug_report,scheduling,clinical_documentation,0.842,0,,0,0,1.4.0,qwen3.5:9b
AVA-1135,2026-06-28T10:43:00,1,en,feature_request,billing,admin_console,0.722,0,,3,0,1.4.0,qwen3.5:9b
AVA-1136,2026-06-28T14:17:00,1,en,question,reporting,admin_console,0.863,0,,1,0,1.4.0,qwen3.5:9b
AVA-1137,2026-06-27T14:40:00,1,en,documentation,charting,lab_integration,0.967,0,,1,0,1.4.0,qwen3.5:9b
AVA-1138,2026-06-24T08:11:00,1,en,question,reporting,lab_integration,0.763,0,,1,0,1.4.0,qwen3.5:9b
AVA-1139,2026-06-22T18:05:00,1,en,question,charting,admin_console,0.983,0,,0,0,1.4.0,qwen3.5:9b
AVA-1140,2026-06-28T12:22:00,1,en,bug_report,scheduling,interoperability,0.529,1,below_confidence_gate,0,0,1.4.0,qwen3.5:9b
AVA-1141,2026-06-25T14:37:00,1,en,documentation,orders_and_results,admin_console,0.888,0,,2,0,1.4.0,qwen3.5:9b
AVA-1142,2026-06-26T07:01:00,1,en,bug_report,orders_and_results,lab_integration,0.782,0,,3,0,1.4.0,qwen3.5:9b
AVA-1143,2026-06-27T15:36:00,1,fr,bug_report,patient_intake,pharmacy,0.724,0,,0,0,1.4.0,qwen3.5:9b
AVA-1144,2026-06-24T15:58:00,1,en,question,scheduling,lab_integration,0.958,0,,0,0,1.4.0,qwen3.5:9b
AVA-1145,2026-06-28T07:51:00,1,en,access_request,orders_and_results,clinical_documentation,0.81,0,,0,0,1.4.0,qwen3.5:9b
AVA-1146,2026-06-28T08:50:00,1,en,feature_request,patient_intake,interoperability,0.905,0,,1,0,1.4.0,qwen3.5:9b
AVA-1147,2026-06-23T17:10:00,1,en,bug_report,charting,patient_portal,0.758,0,,2,0,1.4.0,qwen3.5:9b
AVA-1148,2026-06-28T07:50:00,1,en,question,charting,lab_integration,0.838,0,,3,0,1.4.0,qwen3.5:9b
AVA-1149,2026-06-24T17:45:00,1,en,question,scheduling,lab_integration,0.742,0,,1,0,1.4.0,qwen3.5:9b
AVA-1150,2026-06-22T07:44:00,1,fr,access_request,patient_intake,lab_integration,0.878,0,,4,0,1.4.0,qwen3.5:9b
AVA-1151,2026-06-29T12:41:00,2,en,question,charting,pharmacy,0.857,0,,3,0,1.4.0,qwen3.5:9b
AVA-1152,2026-06-30T17:03:00,2,fr,documentation,patient_intake,interoperability,0.959,0,,2,0,1.4.0,qwen3.5:9b
AVA-1153,2026-06-30T14:39:00,2,fr,bug_report,reporting,lab_integration,0.453,1,below_confidence_gate,4,0,1.4.0,qwen3.5:9b
AVA-1154,2026-06-29T11:27:00,2,en,documentation,charting,admin_console,0.844,0,,1,0,1.4.0,qwen3.5:9b
AVA-1155,2026-07-05T10:39:00,2,en,access_request,scheduling,interoperability,0.488,1,below_confidence_gate,1,0,1.4.0,qwen3.5:9b
AVA-1156,2026-07-03T09:42:00,2,en,bug_report,billing,clinical_documentation,0.943,0,,0,0,1.4.0,qwen3.5:9b
AVA-1157,2026-07-05T16:46:00,2,en,documentation,reporting,admin_console,0.9,0,,1,0,1.4.0,qwen3.5:9b
AVA-1158,2026-07-01T09:54:00,2,en,feature_request,billing,patient_portal,0.76,0,,0,0,1.4.0,qwen3.5:9b
AVA-1159,2026-06-30T16:44:00,2,en,access_request,reporting,interoperability,0.859,0,,2,0,1.4.0,qwen3.5:9b
AVA-1160,2026-07-05T13:59:00,2,en,question,scheduling,clinical_documentation,0.871,0,,1,0,1.4.0,qwen3.5:9b
AVA-1161,2026-07-01T16:37:00,2,en,bug_report,billing,pharmacy,0.783,0,,1,0,1.4.0,qwen3.5:9b
AVA-1162,2026-06-29T16:33:00,2,en,bug_report,orders_and_results,admin_console,0.903,0,,2,0,1.4.0,qwen3.5:9b
AVA-1163,2026-07-03T12:50:00,2,en,question,billing,clinical_documentation,0.843,0,,0,0,1.4.0,qwen3.5:9b
AVA-1164,2026-06-29T13:10:00,2,en,bug_report,billing,lab_integration,0.702,1,below_confidence_gate,2,0,1.4.0,qwen3.5:9b
AVA-1165,2026-07-01T12:45:00,2,en,documentation,patient_intake,clinical_documentation,0.72,0,,2,0,1.4.0,qwen3.5:9b
AVA-1166,2026-07-02T11:15:00,2,en,feature_request,reporting,patient_portal,0.93,0,,1,0,1.4.0,qwen3.5:9b
AVA-1167,2026-07-04T10:40:00,2,en,question,scheduling,admin_console,0.76,0,,1,0,1.4.0,qwen3.5:9b
AVA-1168,2026-07-01T08:56:00,2,fr,question,scheduling,interoperability,0.841,0,,0,0,1.4.0,qwen3.5:9b
AVA-1169,2026-06-29T13:53:00,2,en,bug_report,patient_intake,clinical_documentation,0.733,0,,3,0,1.4.0,qwen3.5:9b
AVA-1170,2026-07-01T11:31:00,2,en,bug_report,patient_intake,clinical_documentation,0.908,0,,1,0,1.4.0,qwen3.5:9b
AVA-1171,2026-07-03T12:24:00,2,en,bug_report,patient_intake,clinical_documentation,0.919,0,,0,0,1.4.0,qwen3.5:9b
AVA-1172,2026-06-29T11:20:00,2,en,bug_report,charting,patient_portal,0.959,0,,1,0,1.4.0,qwen3.5:9b
AVA-1173,2026-07-01T11:03:00,2,en,bug_report,orders_and_results,interoperability,0.741,0,,1,0,1.4.0,qwen3.5:9b
AVA-1174,2026-07-01T16:07:00,2,en,feature_request,reporting,patient_portal,0.788,0,,1,0,1.4.0,qwen3.5:9b
AVA-1175,2026-06-29T13:58:00,2,en,bug_report,patient_intake,pharmacy,0.557,1,below_confidence_gate,1,0,1.4.0,qwen3.5:9b
AVA-1176,2026-06-29T09:28:00,2,en,bug_report,orders_and_results,patient_portal,0.812,0,,1,0,1.4.0,qwen3.5:9b
AVA-1177,2026-07-03T13:12:00,2,en,question,billing,lab_integration,0.742,0,,0,0,1.4.0,qwen3.5:9b
AVA-1178,2026-07-05T07:10:00,2,en,bug_report,patient_intake,clinical_documentation,0.759,0,,1,0,1.4.0,qwen3.5:9b
AVA-1179,2026-07-03T11:30:00,2,fr,bug_report,reporting,pharmacy,0.88,0,,1,0,1.4.0,qwen3.5:9b
AVA-1180,2026-07-03T17:10:00,2,en,bug_report,patient_intake,patient_portal,0.961,0,,4,0,1.4.0,qwen3.5:9b
AVA-1181,2026-07-03T16:06:00,2,en,question,patient_intake,interoperability,0.857,0,,0,0,1.4.0,qwen3.5:9b
AVA-1182,2026-07-03T12:38:00,2,en,documentation,orders_and_results,admin_console,0.834,0,,2,0,1.4.0,qwen3.5:9b
AVA-1183,2026-07-01T15:48:00,2,en,question,charting,interoperability,0.628,1,below_confidence_gate,2,0,1.4.0,qwen3.5:9b
AVA-1184,2026-07-01T16:27:00,2,en,bug_report,reporting,clinical_documentation,0.762,0,,1,0,1.4.0,qwen3.5:9b
AVA-1185,2026-06-29T18:18:00,2,en,question,orders_and_results,patient_portal,0.83,0,,0,0,1.4.0,qwen3.5:9b
AVA-1186,2026-07-05T08:52:00,2,en,question,charting,patient_portal,0.815,0,,3,0,1.4.0,qwen3.5:9b
AVA-1187,2026-07-03T09:25:00,2,en,feature_request,orders_and_results,admin_console,0.802,0,,4,0,1.4.0,qwen3.5:9b
AVA-1188,2026-06-29T10:23:00,2,en,feature_request,patient_intake,interoperability,0.974,0,,1,0,1.4.0,qwen3.5:9b
AVA-1189,2026-07-05T14:37:00,2,en,feature_request,orders_and_results,admin_console,0.723,0,,1,0,1.4.0,qwen3.5:9b
AVA-1190,2026-06-30T08:46:00,2,fr,feature_request,billing,lab_integration,0.773,0,,1,0,1.4.0,qwen3.5:9b
AVA-1191,2026-07-03T07:50:00,2,en,bug_report,charting,lab_integration,0.794,0,,1,0,1.4.0,qwen3.5:9b
AVA-1192,2026-06-30T18:21:00,2,en,documentation,billing,admin_console,0.834,0,,1,0,1.4.0,qwen3.5:9b
AVA-1193,2026-06-29T12:39:00,2,en,bug_report,scheduling,admin_console,0.649,1,below_confidence_gate,0,0,1.4.0,qwen3.5:9b
AVA-1194,2026-07-01T17:40:00,2,en,feature_request,orders_and_results,clinical_documentation,0.461,1,below_confidence_gate,0,0,1.4.0,qwen3.5:9b
AVA-1195,2026-07-01T12:54:00,2,fr,bug_report,charting,pharmacy,0.936,0,,2,0,1.4.0,qwen3.5:9b
AVA-1196,2026-07-02T15:46:00,2,en,bug_report,reporting,patient_portal,0.91,0,,1,0,1.4.0,qwen3.5:9b
AVA-1197,2026-06-29T10:38:00,2,en,bug_report,scheduling,clinical_documentation,0.957,0,,0,0,1.4.0,qwen3.5:9b
AVA-1198,2026-07-02T16:35:00,2,en,feature_request,scheduling,lab_integration,0.883,0,,0,0,1.4.0,qwen3.5:9b
AVA-1199,2026-06-30T14:52:00,2,en,bug_report,charting,patient_portal,0.821,0,,2,0,1.4.0,qwen3.5:9b
AVA-1200,2026-06-30T10:49:00,2,en,question,scheduling,interoperability,0.782,0,,3,0,1.4.0,qwen3.5:9b
AVA-1201,2026-07-02T13:42:00,2,fr,question,charting,patient_portal,0.948,0,,1,0,1.4.0,qwen3.5:9b
AVA-1202,2026-07-01T18:44:00,2,fr,access_request,billing,clinical_documentation,0.746,0,,1,0,1.4.0,qwen3.5:9b
AVA-1203,2026-07-02T14:59:00,2,en,bug_report,charting,pharmacy,0.756,0,,0,0,1.4.0,qwen3.5:9b
AVA-1204,2026-07-01T12:50:00,2,en,documentation,reporting,admin_console,0.748,0,,0,0,1.4.0,qwen3.5:9b
AVA-1205,2026-07-05T09:23:00,2,en,bug_report,charting,interoperability,0.798,0,,1,0,1.4.0,qwen3.5:9b
AVA-1206,2026-07-01T15:29:00,2,en,feature_request,reporting,patient_portal,0.507,1,below_confidence_gate,2,0,1.4.0,qwen3.5:9b
AVA-1207,2026-07-03T15:28:00,2,en,documentation,patient_intake,clinical_documentation,0.782,0,,3,0,1.4.0,qwen3.5:9b
AVA-1208,2026-07-02T07:45:00,2,en,feature_request,orders_and_results,lab_integration,0.823,0,,0,0,1.4.0,qwen3.5:9b
AVA-1209,2026-06-30T07:13:00,2,en,feature_request,reporting,interoperability,0.812,0,,0,0,1.4.0,qwen3.5:9b
AVA-1210,2026-06-29T07:15:00,2,en,feature_request,reporting,lab_integration,0.815,0,,1,0,1.4.0,qwen3.5:9b
AVA-1211,2026-06-29T14:23:00,2,en,bug_report,orders_and_results,patient_portal,0.725,0,,1,0,1.4.0,qwen3.5:9b
AVA-1212,2026-07-03T18:04:00,2,en,feature_request,reporting,pharmacy,0.914,0,,0,0,1.4.0,qwen3.5:9b
AVA-1213,2026-07-03T14:01:00,2,en,question,scheduling,pharmacy,0.961,0,,0,0,1.4.0,qwen3.5:9b
AVA-1214,2026-07-02T07:11:00,2,en,question,orders_and_results,pharmacy,0.948,0,,2,0,1.4.0,qwen3.5:9b
AVA-1215,2026-07-05T17:12:00,2,fr,question,scheduling,interoperability,0.739,0,,2,0,1.4.0,qwen3.5:9b
AVA-1216,2026-07-01T07:34:00,2,fr,question,scheduling,lab_integration,0.861,0,,3,0,1.4.0,qwen3.5:9b
AVA-1217,2026-07-02T09:25:00,2,en,bug_report,scheduling,clinical_documentation,0.827,0,,2,0,1.4.0,qwen3.5:9b
AVA-1218,2026-06-30T14:27:00,2,en,access_request,patient_intake,clinical_documentation,0.791,0,,1,0,1.4.0,qwen3.5:9b
AVA-1219,2026-07-01T11:21:00,2,fr,feature_request,orders_and_results,lab_integration,0.671,1,below_confidence_gate,2,0,1.4.0,qwen3.5:9b
AVA-1220,2026-07-01T17:54:00,2,en,documentation,scheduling,patient_portal,0.971,0,,0,0,1.4.0,qwen3.5:9b
AVA-1221,2026-06-30T09:31:00,2,en,access_request,orders_and_results,clinical_documentation,0.77,0,,4,0,1.4.0,qwen3.5:9b
AVA-1222,2026-06-29T08:50:00,2,en,access_request,reporting,patient_portal,0.951,0,,0,0,1.4.0,qwen3.5:9b
AVA-1223,2026-06-30T08:50:00,2,en,bug_report,reporting,patient_portal,0.764,0,,1,0,1.4.0,qwen3.5:9b
AVA-1224,2026-07-01T15:15:00,2,fr,question,charting,clinical_documentation,0.629,1,below_confidence_gate,2,0,1.4.0,qwen3.5:9b
AVA-1225,2026-06-30T07:31:00,2,en,question,orders_and_results,clinical_documentation,0.971,0,,1,0,1.4.0,qwen3.5:9b
AVA-1226,2026-06-30T15:13:00,2,en,feature_request,patient_intake,clinical_documentation,0.76,0,,2,0,1.4.0,qwen3.5:9b
AVA-1227,2026-07-04T10:39:00,2,en,access_request,reporting,interoperability,0.739,0,,1,0,1.4.0,qwen3.5:9b
AVA-1228,2026-06-30T13:20:00,2,en,bug_report,scheduling,admin_console,0.962,0,,0,0,1.4.0,qwen3.5:9b
AVA-1229,2026-06-29T18:59:00,2,en,bug_report,scheduling,patient_portal,0.862,0,,3,0,1.4.0,qwen3.5:9b
AVA-1230,2026-06-30T10:11:00,2,en,question,billing,admin_console,0.941,0,,0,0,1.4.0,qwen3.5:9b
AVA-1231,2026-06-30T15:42:00,2,en,access_request,patient_intake,lab_integration,0.851,0,,4,0,1.4.0,qwen3.5:9b
AVA-1232,2026-07-05T12:20:00,2,en,access_request,reporting,pharmacy,0.825,0,,0,0,1.4.0,qwen3.5:9b
AVA-1233,2026-07-02T10:09:00,2,en,bug_report,patient_intake,clinical_documentation,0.871,0,,0,0,1.4.0,qwen3.5:9b
AVA-1234,2026-07-04T09:26:00,2,en,bug_report,orders_and_results,admin_console,0.665,1,below_confidence_gate,0,0,1.4.0,qwen3.5:9b
AVA-1235,2026-07-01T16:14:00,2,en,feature_request,billing,admin_console,0.727,0,,1,0,1.4.0,qwen3.5:9b
AVA-1236,2026-07-03T10:33:00,2,en,access_request,reporting,interoperability,0.949,0,,0,0,1.4.0,qwen3.5:9b
AVA-1237,2026-07-04T12:19:00,2,en,bug_report,patient_intake,admin_console,0.879,0,,1,0,1.4.0,qwen3.5:9b
AVA-1238,2026-07-02T18:06:00,2,en,question,orders_and_results,interoperability,0.933,0,,1,0,1.4.0,qwen3.5:9b
AVA-1239,2026-07-01T09:53:00,2,en,feature_request,orders_and_results,admin_console,0.853,0,,2,0,1.4.0,qwen3.5:9b
AVA-1240,2026-06-29T07:36:00,2,en,feature_request,reporting,admin_console,0.956,0,,0,0,1.4.0,qwen3.5:9b
AVA-1241,2026-06-29T14:39:00,2,en,question,orders_and_results,interoperability,0.643,1,below_confidence_gate,0,0,1.4.0,qwen3.5:9b
AVA-1242,2026-07-05T13:24:00,2,en,feature_request,reporting,patient_portal,0.732,0,,0,0,1.4.0,qwen3.5:9b
AVA-1243,2026-06-30T09:16:00,2,en,bug_report,scheduling,lab_integration,0.867,0,,1,0,1.4.0,qwen3.5:9b
AVA-1244,2026-07-02T14:46:00,2,en,bug_report,charting,lab_integration,0.754,0,,2,0,1.4.0,qwen3.5:9b
AVA-1245,2026-07-01T15:49:00,2,en,question,charting,clinical_documentation,0.794,0,,0,0,1.4.0,qwen3.5:9b
AVA-1246,2026-07-04T16:45:00,2,en,bug_report,scheduling,patient_portal,0.888,0,,0,0,1.4.0,qwen3.5:9b
AVA-1247,2026-07-01T08:27:00,2,en,question,reporting,lab_integration,0.915,0,,0,0,1.4.0,qwen3.5:9b
AVA-1248,2026-07-02T15:39:00,2,en,bug_report,orders_and_results,admin_console,0.73,0,,2,0,1.4.0,qwen3.5:9b
AVA-1249,2026-07-01T09:43:00,2,en,feature_request,patient_intake,clinical_documentation,0.741,0,,0,0,1.4.0,qwen3.5:9b
AVA-1250,2026-06-29T07:08:00,2,fr,documentation,charting,lab_integration,0.758,0,,1,0,1.4.0,qwen3.5:9b
AVA-1251,2026-07-01T13:17:00,2,fr,bug_report,billing,patient_portal,0.952,0,,2,0,1.4.0,qwen3.5:9b
AVA-1252,2026-07-04T15:35:00,2,en,bug_report,patient_intake,lab_integration,0.747,0,,0,0,1.4.0,qwen3.5:9b
AVA-1253,2026-06-29T13:23:00,2,en,bug_report,scheduling,lab_integration,0.893,0,,0,0,1.4.0,qwen3.5:9b
AVA-1254,2026-06-29T12:07:00,2,en,question,patient_intake,interoperability,0.85,0,,2,0,1.4.0,qwen3.5:9b
AVA-1255,2026-07-01T14:29:00,2,en,bug_report,billing,patient_portal,0.762,0,,1,0,1.4.0,qwen3.5:9b
AVA-1256,2026-07-04T14:55:00,2,fr,feature_request,orders_and_results,pharmacy,0.82,0,,2,1,1.4.0,qwen3.5:9b
AVA-1257,2026-07-02T10:19:00,2,en,question,charting,admin_console,0.768,0,,4,0,1.4.0,qwen3.5:9b
AVA-1258,2026-07-04T16:48:00,2,en,access_request,billing,interoperability,0.775,0,,0,0,1.4.0,qwen3.5:9b
AVA-1259,2026-06-30T14:49:00,2,en,access_request,billing,clinical_documentation,0.85,0,,0,0,1.4.0,qwen3.5:9b
AVA-1260,2026-07-04T13:59:00,2,en,documentation,reporting,patient_portal,0.848,0,,0,0,1.4.0,qwen3.5:9b
AVA-1261,2026-07-09T11:21:00,3,en,feature_request,patient_intake,clinical_documentation,0.789,0,,0,0,1.4.0,qwen3.5:9b
AVA-1262,2026-07-11T17:02:00,3,en,question,charting,lab_integration,0.915,0,,1,0,1.4.0,qwen3.5:9b
AVA-1263,2026-07-08T08:51:00,3,en,feature_request,reporting,clinical_documentation,0.767,0,,0,0,1.4.0,qwen3.5:9b
AVA-1264,2026-07-11T12:18:00,3,en,feature_request,reporting,pharmacy,0.855,0,,2,0,1.4.0,qwen3.5:9b
AVA-1265,2026-07-07T09:30:00,3,en,access_request,charting,clinical_documentation,0.942,0,,2,0,1.4.0,qwen3.5:9b
AVA-1266,2026-07-06T11:18:00,3,en,question,scheduling,patient_portal,0.976,0,,3,0,1.4.0,qwen3.5:9b
AVA-1267,2026-07-06T14:08:00,3,en,question,reporting,lab_integration,0.785,0,,1,0,1.4.0,qwen3.5:9b
AVA-1268,2026-07-07T14:22:00,3,en,feature_request,orders_and_results,pharmacy,0.967,0,,0,0,1.4.0,qwen3.5:9b
AVA-1269,2026-07-09T16:48:00,3,en,question,orders_and_results,pharmacy,0.975,0,,2,0,1.4.0,qwen3.5:9b
AVA-1270,2026-07-06T12:54:00,3,en,question,charting,lab_integration,0.684,1,below_confidence_gate,0,0,1.4.0,qwen3.5:9b
AVA-1271,2026-07-07T14:47:00,3,en,bug_report,patient_intake,lab_integration,0.911,0,,0,0,1.4.0,qwen3.5:9b
AVA-1272,2026-07-12T16:20:00,3,en,feature_request,scheduling,admin_console,0.512,1,below_confidence_gate,1,0,1.4.0,qwen3.5:9b
AVA-1273,2026-07-09T10:13:00,3,en,access_request,charting,admin_console,0.449,1,below_confidence_gate,3,0,1.4.0,qwen3.5:9b
AVA-1274,2026-07-07T15:20:00,3,en,question,charting,interoperability,0.644,1,below_confidence_gate,1,0,1.4.0,qwen3.5:9b
AVA-1275,2026-07-12T11:32:00,3,en,documentation,billing,patient_portal,0.946,0,,1,0,1.4.0,qwen3.5:9b
AVA-1276,2026-07-12T14:49:00,3,en,feature_request,patient_intake,pharmacy,0.886,0,,0,0,1.4.0,qwen3.5:9b
AVA-1277,2026-07-09T12:41:00,3,en,question,scheduling,admin_console,0.937,0,,2,0,1.4.0,qwen3.5:9b
AVA-1278,2026-07-09T17:53:00,3,en,question,patient_intake,admin_console,0.862,0,,1,0,1.4.0,qwen3.5:9b
AVA-1279,2026-07-07T12:45:00,3,en,access_request,charting,interoperability,0.754,0,,3,0,1.4.0,qwen3.5:9b
AVA-1280,2026-07-10T13:19:00,3,fr,feature_request,billing,patient_portal,0.664,1,below_confidence_gate,0,0,1.4.0,qwen3.5:9b
AVA-1281,2026-07-09T10:49:00,3,en,question,charting,lab_integration,0.971,0,,1,0,1.4.0,qwen3.5:9b
AVA-1282,2026-07-09T14:14:00,3,en,question,billing,admin_console,0.726,0,,2,0,1.4.0,qwen3.5:9b
AVA-1283,2026-07-09T07:05:00,3,en,question,billing,interoperability,0.857,0,,0,0,1.4.0,qwen3.5:9b
AVA-1284,2026-07-07T15:02:00,3,en,bug_report,billing,admin_console,0.403,1,below_confidence_gate,2,0,1.4.0,qwen3.5:9b
AVA-1285,2026-07-12T15:29:00,3,en,bug_report,patient_intake,patient_portal,0.756,0,,1,0,1.4.0,qwen3.5:9b
AVA-1286,2026-07-12T11:15:00,3,en,feature_request,scheduling,interoperability,0.776,0,,0,0,1.4.0,qwen3.5:9b
AVA-1287,2026-07-08T17:41:00,3,en,question,charting,admin_console,0.962,0,,0,0,1.4.0,qwen3.5:9b
AVA-1288,2026-07-12T15:38:00,3,en,bug_report,billing,lab_integration,0.863,0,,0,0,1.4.0,qwen3.5:9b
AVA-1289,2026-07-07T08:29:00,3,en,access_request,scheduling,patient_portal,0.841,0,,1,0,1.4.0,qwen3.5:9b
AVA-1290,2026-07-07T17:48:00,3,en,documentation,reporting,admin_console,0.726,0,,0,0,1.4.0,qwen3.5:9b
AVA-1291,2026-07-10T11:19:00,3,en,question,charting,patient_portal,0.939,0,,1,0,1.4.0,qwen3.5:9b
AVA-1292,2026-07-08T18:14:00,3,en,bug_report,scheduling,admin_console,0.964,0,,0,0,1.4.0,qwen3.5:9b
AVA-1293,2026-07-08T14:59:00,3,en,feature_request,orders_and_results,interoperability,0.521,1,below_confidence_gate,1,0,1.4.0,qwen3.5:9b
AVA-1294,2026-07-12T14:32:00,3,en,bug_report,billing,patient_portal,0.923,0,,4,0,1.4.0,qwen3.5:9b
AVA-1295,2026-07-10T10:50:00,3,en,documentation,scheduling,admin_console,0.743,0,,3,0,1.4.0,qwen3.5:9b
AVA-1296,2026-07-07T12:12:00,3,en,bug_report,charting,clinical_documentation,0.753,0,,1,0,1.4.0,qwen3.5:9b
AVA-1297,2026-07-08T14:25:00,3,fr,question,orders_and_results,patient_portal,0.869,0,,2,0,1.4.0,qwen3.5:9b
AVA-1298,2026-07-08T16:44:00,3,en,bug_report,orders_and_results,interoperability,0.807,0,,2,0,1.4.0,qwen3.5:9b
AVA-1299,2026-07-10T08:43:00,3,en,bug_report,charting,admin_console,0.81,0,,0,0,1.4.0,qwen3.5:9b
AVA-1300,2026-07-06T09:34:00,3,en,bug_report,billing,interoperability,0.802,0,,0,0,1.4.0,qwen3.5:9b
AVA-1301,2026-07-09T09:05:00,3,en,feature_request,orders_and_results,admin_console,0.85,0,,0,0,1.4.0,qwen3.5:9b
AVA-1302,2026-07-10T13:41:00,3,en,documentation,billing,clinical_documentation,0.936,0,,1,0,1.4.0,qwen3.5:9b
AVA-1303,2026-07-09T18:40:00,3,en,access_request,scheduling,clinical_documentation,0.818,0,,0,0,1.4.0,qwen3.5:9b
AVA-1304,2026-07-06T12:25:00,3,en,bug_report,billing,clinical_documentation,0.934,0,,0,0,1.4.0,qwen3.5:9b
AVA-1305,2026-07-09T12:12:00,3,en,documentation,charting,interoperability,0.785,0,,0,0,1.4.0,qwen3.5:9b
AVA-1306,2026-07-10T12:22:00,3,en,bug_report,billing,admin_console,0.811,0,,2,0,1.4.0,qwen3.5:9b
AVA-1307,2026-07-08T15:46:00,3,fr,feature_request,billing,interoperability,0.843,0,,0,0,1.4.0,qwen3.5:9b
AVA-1308,2026-07-11T14:43:00,3,en,question,billing,interoperability,0.934,0,,0,0,1.4.0,qwen3.5:9b
AVA-1309,2026-07-06T18:40:00,3,en,bug_report,billing,admin_console,0.917,0,,3,0,1.4.0,qwen3.5:9b
AVA-1310,2026-07-12T08:57:00,3,en,feature_request,scheduling,lab_integration,0.442,1,below_confidence_gate,2,0,1.4.0,qwen3.5:9b
AVA-1311,2026-07-06T07:27:00,3,en,question,scheduling,patient_portal,0.674,1,below_confidence_gate,0,0,1.4.0,qwen3.5:9b
AVA-1312,2026-07-12T16:05:00,3,en,documentation,scheduling,lab_integration,0.808,0,,1,0,1.4.0,qwen3.5:9b
AVA-1313,2026-07-06T15:26:00,3,en,question,orders_and_results,admin_console,0.841,0,,1,0,1.4.0,qwen3.5:9b
AVA-1314,2026-07-11T09:11:00,3,en,access_request,scheduling,lab_integration,0.899,0,,4,0,1.4.0,qwen3.5:9b
AVA-1315,2026-07-08T12:35:00,3,en,bug_report,orders_and_results,admin_console,0.872,0,,0,0,1.4.0,qwen3.5:9b
AVA-1316,2026-07-06T08:19:00,3,en,question,billing,lab_integration,0.976,0,,0,0,1.4.0,qwen3.5:9b
AVA-1317,2026-07-10T14:56:00,3,en,question,orders_and_results,patient_portal,0.584,1,below_confidence_gate,0,0,1.4.0,qwen3.5:9b
AVA-1318,2026-07-09T15:50:00,3,en,bug_report,scheduling,patient_portal,0.902,0,,0,0,1.4.0,qwen3.5:9b
AVA-1319,2026-07-08T11:01:00,3,en,feature_request,patient_intake,interoperability,0.87,0,,1,0,1.4.0,qwen3.5:9b
AVA-1320,2026-07-09T09:12:00,3,en,question,charting,lab_integration,0.878,0,,3,0,1.4.0,qwen3.5:9b
AVA-1321,2026-07-10T13:31:00,3,en,question,orders_and_results,clinical_documentation,0.628,1,below_confidence_gate,3,0,1.4.0,qwen3.5:9b
AVA-1322,2026-07-12T13:34:00,3,en,feature_request,orders_and_results,admin_console,0.813,0,,0,0,1.4.0,qwen3.5:9b
AVA-1323,2026-07-06T12:18:00,3,en,documentation,orders_and_results,clinical_documentation,0.944,0,,2,0,1.4.0,qwen3.5:9b
AVA-1324,2026-07-09T16:18:00,3,en,question,billing,clinical_documentation,0.77,0,,2,0,1.4.0,qwen3.5:9b
AVA-1325,2026-07-09T13:52:00,3,en,access_request,orders_and_results,pharmacy,0.916,0,,0,0,1.4.0,qwen3.5:9b
AVA-1326,2026-07-06T08:16:00,3,en,question,scheduling,patient_portal,0.949,0,,2,0,1.4.0,qwen3.5:9b
AVA-1327,2026-07-07T07:31:00,3,en,access_request,patient_intake,patient_portal,0.981,0,,1,0,1.4.0,qwen3.5:9b
AVA-1328,2026-07-10T15:26:00,3,fr,question,billing,pharmacy,0.767,0,,1,0,1.4.0,qwen3.5:9b
AVA-1329,2026-07-06T08:29:00,3,en,question,scheduling,clinical_documentation,0.829,0,,3,0,1.4.0,qwen3.5:9b
AVA-1330,2026-07-12T09:50:00,3,en,feature_request,reporting,clinical_documentation,0.911,0,,0,0,1.4.0,qwen3.5:9b
AVA-1331,2026-07-12T17:06:00,3,en,feature_request,scheduling,pharmacy,0.555,1,below_confidence_gate,1,0,1.4.0,qwen3.5:9b
AVA-1332,2026-07-08T09:39:00,3,en,question,orders_and_results,patient_portal,0.906,0,,1,0,1.4.0,qwen3.5:9b
AVA-1333,2026-07-10T13:57:00,3,en,access_request,orders_and_results,interoperability,0.726,0,,0,0,1.4.0,qwen3.5:9b
AVA-1334,2026-07-06T12:10:00,3,en,documentation,reporting,admin_console,0.792,0,,0,0,1.4.0,qwen3.5:9b
AVA-1335,2026-07-09T15:01:00,3,en,question,charting,interoperability,0.765,0,,0,0,1.4.0,qwen3.5:9b
AVA-1336,2026-07-11T13:10:00,3,en,question,orders_and_results,clinical_documentation,0.971,0,,1,0,1.4.0,qwen3.5:9b
AVA-1337,2026-07-06T18:34:00,3,en,documentation,reporting,pharmacy,0.728,0,,4,0,1.4.0,qwen3.5:9b
AVA-1338,2026-07-10T15:29:00,3,en,documentation,orders_and_results,interoperability,0.974,0,,0,0,1.4.0,qwen3.5:9b
AVA-1339,2026-07-08T07:32:00,3,fr,bug_report,patient_intake,admin_console,0.793,0,,0,0,1.4.0,qwen3.5:9b
AVA-1340,2026-07-07T15:29:00,3,en,bug_report,orders_and_results,patient_portal,0.918,0,,1,0,1.4.0,qwen3.5:9b
AVA-1341,2026-07-07T11:17:00,3,en,question,scheduling,pharmacy,0.806,0,,1,0,1.4.0,qwen3.5:9b
AVA-1342,2026-07-08T11:01:00,3,en,question,charting,pharmacy,0.871,0,,2,0,1.4.0,qwen3.5:9b
AVA-1343,2026-07-11T07:21:00,3,en,documentation,billing,admin_console,0.86,0,,1,0,1.4.0,qwen3.5:9b
AVA-1344,2026-07-06T12:58:00,3,en,question,billing,clinical_documentation,0.883,0,,0,0,1.4.0,qwen3.5:9b
AVA-1345,2026-07-08T18:04:00,3,en,bug_report,reporting,patient_portal,0.907,0,,1,0,1.4.0,qwen3.5:9b
AVA-1346,2026-07-09T13:10:00,3,en,bug_report,orders_and_results,admin_console,0.901,0,,1,0,1.4.0,qwen3.5:9b
AVA-1347,2026-07-06T07:17:00,3,en,bug_report,orders_and_results,clinical_documentation,0.748,0,,2,0,1.4.0,qwen3.5:9b
AVA-1348,2026-07-08T12:14:00,3,en,feature_request,patient_intake,lab_integration,0.968,0,,1,0,1.4.0,qwen3.5:9b
AVA-1349,2026-07-07T09:29:00,3,fr,feature_request,reporting,clinical_documentation,0.937,0,,1,0,1.4.0,qwen3.5:9b
AVA-1350,2026-07-09T16:58:00,3,en,documentation,reporting,admin_console,0.777,0,,0,0,1.4.0,qwen3.5:9b
AVA-1351,2026-07-08T18:07:00,3,en,documentation,scheduling,interoperability,0.772,0,,0,0,1.4.0,qwen3.5:9b
AVA-1352,2026-07-12T15:58:00,3,en,question,charting,pharmacy,0.816,0,,0,0,1.4.0,qwen3.5:9b
AVA-1353,2026-07-12T07:33:00,3,en,documentation,patient_intake,clinical_documentation,0.872,0,,2,0,1.4.0,qwen3.5:9b
AVA-1354,2026-07-11T15:56:00,3,en,bug_report,scheduling,lab_integration,0.935,0,,1,0,1.4.0,qwen3.5:9b
AVA-1355,2026-07-11T10:41:00,3,en,feature_request,billing,patient_portal,0.8,0,,0,0,1.4.0,qwen3.5:9b
AVA-1356,2026-07-06T07:44:00,3,en,question,patient_intake,patient_portal,0.462,1,below_confidence_gate,2,0,1.4.0,qwen3.5:9b
AVA-1357,2026-07-12T07:14:00,3,en,question,reporting,interoperability,0.868,0,,0,0,1.4.0,qwen3.5:9b
AVA-1358,2026-07-11T16:09:00,3,fr,feature_request,patient_intake,pharmacy,0.417,1,below_confidence_gate,4,0,1.4.0,qwen3.5:9b
AVA-1359,2026-07-07T10:15:00,3,en,bug_report,billing,interoperability,0.979,0,,2,0,1.4.0,qwen3.5:9b
AVA-1360,2026-07-11T16:41:00,3,en,question,orders_and_results,pharmacy,0.937,0,,4,0,1.4.0,qwen3.5:9b
AVA-1361,2026-07-07T14:37:00,3,en,bug_report,charting,pharmacy,0.902,0,,1,0,1.4.0,qwen3.5:9b
AVA-1362,2026-07-08T08:43:00,3,en,question,patient_intake,clinical_documentation,0.87,0,,2,0,1.4.0,qwen3.5:9b
AVA-1363,2026-07-10T07:45:00,3,en,feature_request,patient_intake,clinical_documentation,0.827,0,,1,0,1.4.0,qwen3.5:9b
AVA-1364,2026-07-12T15:15:00,3,en,feature_request,patient_intake,admin_console,0.394,1,below_confidence_gate,1,0,1.4.0,qwen3.5:9b
AVA-1365,2026-07-08T16:16:00,3,en,question,reporting,pharmacy,0.763,0,,0,0,1.4.0,qwen3.5:9b
AVA-1366,2026-07-10T16:08:00,3,en,bug_report,patient_intake,clinical_documentation,0.919,0,,2,0,1.4.0,qwen3.5:9b
AVA-1367,2026-07-08T12:32:00,3,en,question,patient_intake,patient_portal,0.874,0,,1,0,1.4.0,qwen3.5:9b
AVA-1368,2026-07-08T09:53:00,3,en,feature_request,patient_intake,pharmacy,0.442,1,below_confidence_gate,0,0,1.4.0,qwen3.5:9b
AVA-1369,2026-07-07T14:58:00,3,en,bug_report,scheduling,lab_integration,0.773,0,,3,0,1.4.0,qwen3.5:9b
AVA-1370,2026-07-11T09:14:00,3,en,bug_report,orders_and_results,pharmacy,0.873,0,,2,0,1.4.0,qwen3.5:9b
AVA-1371,2026-07-17T17:44:00,4,en,bug_report,orders_and_results,patient_portal,0.748,0,,1,0,1.4.0,qwen3.5:9b
AVA-1372,2026-07-15T16:45:00,4,en,bug_report,reporting,interoperability,0.582,1,below_confidence_gate,2,0,1.4.0,qwen3.5:9b
AVA-1373,2026-07-18T07:58:00,4,en,question,patient_intake,pharmacy,0.863,0,,2,0,1.4.0,qwen3.5:9b
AVA-1374,2026-07-16T08:45:00,4,en,feature_request,reporting,clinical_documentation,0.818,0,,1,0,1.4.0,qwen3.5:9b
AVA-1375,2026-07-13T16:00:00,4,en,feature_request,billing,clinical_documentation,0.897,0,,3,0,1.4.0,qwen3.5:9b
AVA-1376,2026-07-17T17:30:00,4,en,access_request,patient_intake,patient_portal,0.815,0,,0,0,1.4.0,qwen3.5:9b
AVA-1377,2026-07-13T13:55:00,4,en,question,scheduling,clinical_documentation,0.893,0,,2,0,1.4.0,qwen3.5:9b
AVA-1378,2026-07-19T10:08:00,4,en,question,orders_and_results,interoperability,0.73,0,,1,0,1.4.0,qwen3.5:9b
AVA-1379,2026-07-16T07:49:00,4,en,bug_report,billing,patient_portal,0.735,0,,0,0,1.4.0,qwen3.5:9b
AVA-1380,2026-07-17T17:59:00,4,en,bug_report,orders_and_results,lab_integration,0.816,0,,0,0,1.4.0,qwen3.5:9b
AVA-1381,2026-07-14T15:47:00,4,en,question,reporting,admin_console,0.929,0,,0,0,1.4.0,qwen3.5:9b
AVA-1382,2026-07-16T16:18:00,4,fr,question,patient_intake,patient_portal,0.924,0,,4,0,1.4.0,qwen3.5:9b
AVA-1383,2026-07-15T18:01:00,4,en,question,billing,lab_integration,0.783,0,,1,0,1.4.0,qwen3.5:9b
AVA-1384,2026-07-18T18:27:00,4,en,bug_report,orders_and_results,pharmacy,0.865,0,,1,0,1.4.0,qwen3.5:9b
AVA-1385,2026-07-19T14:57:00,4,en,documentation,charting,lab_integration,0.949,0,,0,0,1.4.0,qwen3.5:9b
AVA-1386,2026-07-13T13:11:00,4,en,bug_report,scheduling,clinical_documentation,0.857,0,,2,0,1.4.0,qwen3.5:9b
AVA-1387,2026-07-17T11:50:00,4,en,bug_report,patient_intake,clinical_documentation,0.806,0,,0,0,1.4.0,qwen3.5:9b
AVA-1388,2026-07-18T12:18:00,4,en,bug_report,reporting,patient_portal,0.829,0,,1,0,1.4.0,qwen3.5:9b
AVA-1389,2026-07-14T10:48:00,4,en,bug_report,orders_and_results,admin_console,0.825,0,,2,0,1.4.0,qwen3.5:9b
AVA-1390,2026-07-16T09:28:00,4,en,documentation,scheduling,pharmacy,0.942,0,,1,0,1.4.0,qwen3.5:9b
AVA-1391,2026-07-13T17:25:00,4,en,feature_request,patient_intake,lab_integration,0.617,1,below_confidence_gate,2,0,1.4.0,qwen3.5:9b
AVA-1392,2026-07-16T16:09:00,4,en,question,patient_intake,pharmacy,0.71,1,below_confidence_gate,2,0,1.4.0,qwen3.5:9b
AVA-1393,2026-07-18T15:54:00,4,en,access_request,orders_and_results,pharmacy,0.402,1,below_confidence_gate,0,0,1.4.0,qwen3.5:9b
AVA-1394,2026-07-17T10:21:00,4,en,access_request,patient_intake,clinical_documentation,0.972,0,,2,0,1.4.0,qwen3.5:9b
AVA-1395,2026-07-19T15:54:00,4,en,bug_report,reporting,patient_portal,0.754,0,,0,0,1.4.0,qwen3.5:9b
AVA-1396,2026-07-16T17:36:00,4,en,feature_request,scheduling,admin_console,0.849,0,,4,0,1.4.0,qwen3.5:9b
AVA-1397,2026-07-13T11:54:00,4,en,access_request,reporting,interoperability,0.794,0,,0,0,1.4.0,qwen3.5:9b
AVA-1398,2026-07-13T17:30:00,4,en,feature_request,orders_and_results,lab_integration,0.826,0,,2,0,1.4.0,qwen3.5:9b
AVA-1399,2026-07-18T13:16:00,4,en,documentation,charting,admin_console,0.747,0,,2,0,1.4.0,qwen3.5:9b
AVA-1400,2026-07-19T10:13:00,4,en,question,reporting,admin_console,0.805,0,,2,0,1.4.0,qwen3.5:9b
AVA-1401,2026-07-16T17:12:00,4,en,feature_request,scheduling,pharmacy,0.775,0,,0,0,1.4.0,qwen3.5:9b
AVA-1402,2026-07-19T16:01:00,4,en,feature_request,patient_intake,interoperability,0.92,0,,2,0,1.4.0,qwen3.5:9b
AVA-1403,2026-07-18T15:19:00,4,fr,documentation,reporting,patient_portal,0.741,0,,0,0,1.4.0,qwen3.5:9b
AVA-1404,2026-07-16T10:59:00,4,en,feature_request,reporting,lab_integration,0.932,0,,4,0,1.4.0,qwen3.5:9b
AVA-1405,2026-07-17T08:53:00,4,en,question,charting,pharmacy,0.789,0,,0,0,1.4.0,qwen3.5:9b
AVA-1406,2026-07-18T17:30:00,4,en,question,billing,interoperability,0.951,0,,0,0,1.4.0,qwen3.5:9b
AVA-1407,2026-07-19T17:30:00,4,en,access_request,reporting,pharmacy,0.756,0,,0,0,1.4.0,qwen3.5:9b
AVA-1408,2026-07-13T11:57:00,4,en,documentation,scheduling,clinical_documentation,0.867,0,,0,0,1.4.0,qwen3.5:9b
AVA-1409,2026-07-19T17:57:00,4,en,access_request,scheduling,lab_integration,0.873,0,,2,0,1.4.0,qwen3.5:9b
AVA-1410,2026-07-15T14:43:00,4,en,access_request,patient_intake,interoperability,0.981,0,,0,0,1.4.0,qwen3.5:9b
AVA-1411,2026-07-17T07:06:00,4,fr,question,patient_intake,pharmacy,0.867,0,,2,0,1.4.0,qwen3.5:9b
AVA-1412,2026-07-14T14:38:00,4,en,question,charting,lab_integration,0.838,0,,1,0,1.4.0,qwen3.5:9b
AVA-1413,2026-07-13T07:24:00,4,en,question,billing,pharmacy,0.759,0,,0,0,1.4.0,qwen3.5:9b
AVA-1414,2026-07-16T17:18:00,4,en,bug_report,charting,lab_integration,0.456,1,below_confidence_gate,0,0,1.4.0,qwen3.5:9b
AVA-1415,2026-07-14T12:53:00,4,en,bug_report,orders_and_results,clinical_documentation,0.601,1,below_confidence_gate,2,0,1.4.0,qwen3.5:9b
AVA-1416,2026-07-14T15:08:00,4,en,bug_report,scheduling,interoperability,0.786,0,,0,0,1.4.0,qwen3.5:9b
AVA-1417,2026-07-17T13:40:00,4,en,access_request,scheduling,patient_portal,0.8,0,,1,0,1.4.0,qwen3.5:9b
AVA-1418,2026-07-18T15:00:00,4,en,access_request,scheduling,pharmacy,0.756,0,,0,0,1.4.0,qwen3.5:9b
AVA-1419,2026-07-17T17:15:00,4,en,feature_request,charting,patient_portal,0.768,0,,1,0,1.4.0,qwen3.5:9b
AVA-1420,2026-07-18T08:45:00,4,en,bug_report,charting,admin_console,0.419,1,below_confidence_gate,1,0,1.4.0,qwen3.5:9b
AVA-1421,2026-07-19T14:21:00,4,en,question,scheduling,lab_integration,0.807,0,,2,0,1.4.0,qwen3.5:9b
AVA-1422,2026-07-19T07:41:00,4,en,question,orders_and_results,lab_integration,0.785,0,,1,0,1.4.0,qwen3.5:9b
AVA-1423,2026-07-16T10:52:00,4,en,documentation,reporting,lab_integration,0.818,0,,1,0,1.4.0,qwen3.5:9b
AVA-1424,2026-07-17T18:49:00,4,en,bug_report,reporting,admin_console,0.91,0,,0,0,1.4.0,qwen3.5:9b
AVA-1425,2026-07-15T14:39:00,4,fr,feature_request,reporting,admin_console,0.947,0,,0,0,1.4.0,qwen3.5:9b
AVA-1426,2026-07-16T18:00:00,4,en,access_request,orders_and_results,admin_console,0.826,0,,1,0,1.4.0,qwen3.5:9b
AVA-1427,2026-07-18T16:22:00,4,fr,bug_report,reporting,admin_console,0.866,0,,0,0,1.4.0,qwen3.5:9b
AVA-1428,2026-07-17T13:53:00,4,en,question,scheduling,clinical_documentation,0.904,0,,4,0,1.4.0,qwen3.5:9b
AVA-1429,2026-07-13T12:41:00,4,en,bug_report,billing,clinical_documentation,0.635,1,below_confidence_gate,1,0,1.4.0,qwen3.5:9b
AVA-1430,2026-07-16T13:03:00,4,en,access_request,patient_intake,pharmacy,0.967,0,,2,0,1.4.0,qwen3.5:9b
AVA-1431,2026-07-16T12:29:00,4,en,documentation,scheduling,admin_console,0.652,1,below_confidence_gate,0,0,1.4.0,qwen3.5:9b
AVA-1432,2026-07-15T09:30:00,4,en,bug_report,scheduling,patient_portal,0.752,0,,1,0,1.4.0,qwen3.5:9b
AVA-1433,2026-07-15T09:06:00,4,en,feature_request,patient_intake,clinical_documentation,0.959,0,,0,0,1.4.0,qwen3.5:9b
AVA-1434,2026-07-17T11:26:00,4,fr,bug_report,patient_intake,lab_integration,0.622,1,below_confidence_gate,0,0,1.4.0,qwen3.5:9b
AVA-1435,2026-07-13T18:31:00,4,en,documentation,reporting,clinical_documentation,0.786,0,,1,0,1.4.0,qwen3.5:9b
AVA-1436,2026-07-17T09:34:00,4,en,bug_report,billing,interoperability,0.802,0,,0,0,1.4.0,qwen3.5:9b
AVA-1437,2026-07-18T12:19:00,4,en,bug_report,reporting,clinical_documentation,0.484,1,below_confidence_gate,1,0,1.4.0,qwen3.5:9b
AVA-1438,2026-07-13T15:27:00,4,fr,question,reporting,clinical_documentation,0.843,0,,3,0,1.4.0,qwen3.5:9b
AVA-1439,2026-07-15T12:23:00,4,en,bug_report,billing,pharmacy,0.935,0,,0,0,1.4.0,qwen3.5:9b
AVA-1440,2026-07-18T16:21:00,4,en,feature_request,orders_and_results,clinical_documentation,0.976,0,,1,0,1.4.0,qwen3.5:9b
AVA-1441,2026-07-13T09:03:00,4,en,feature_request,charting,admin_console,0.94,0,,0,0,1.4.0,qwen3.5:9b
AVA-1442,2026-07-15T14:37:00,4,fr,question,scheduling,pharmacy,0.531,1,below_confidence_gate,1,0,1.4.0,qwen3.5:9b
AVA-1443,2026-07-16T09:16:00,4,en,feature_request,charting,interoperability,0.588,1,below_confidence_gate,4,0,1.4.0,qwen3.5:9b
AVA-1444,2026-07-15T10:05:00,4,en,documentation,billing,interoperability,0.751,0,,4,0,1.4.0,qwen3.5:9b
AVA-1445,2026-07-13T10:17:00,4,fr,bug_report,charting,interoperability,0.473,1,below_confidence_gate,0,0,1.4.0,qwen3.5:9b
AVA-1446,2026-07-16T11:57:00,4,en,access_request,charting,clinical_documentation,0.885,0,,0,0,1.4.0,qwen3.5:9b
AVA-1447,2026-07-17T08:58:00,4,fr,bug_report,billing,clinical_documentation,0.915,0,,1,0,1.4.0,qwen3.5:9b
AVA-1448,2026-07-19T14:41:00,4,en,access_request,reporting,pharmacy,0.839,0,,0,0,1.4.0,qwen3.5:9b
AVA-1449,2026-07-17T17:09:00,4,en,feature_request,charting,patient_portal,0.892,0,,0,0,1.4.0,qwen3.5:9b
AVA-1450,2026-07-18T11:39:00,4,en,feature_request,billing,pharmacy,0.779,0,,0,0,1.4.0,qwen3.5:9b
AVA-1451,2026-07-13T11:36:00,4,en,bug_report,charting,pharmacy,0.878,0,,0,0,1.4.0,qwen3.5:9b
AVA-1452,2026-07-18T09:22:00,4,en,feature_request,patient_intake,patient_portal,0.738,0,,0,0,1.4.0,qwen3.5:9b
AVA-1453,2026-07-13T14:20:00,4,fr,question,scheduling,clinical_documentation,0.83,0,,1,0,1.4.0,qwen3.5:9b
AVA-1454,2026-07-14T18:54:00,4,en,feature_request,orders_and_results,pharmacy,0.972,0,,0,0,1.4.0,qwen3.5:9b
AVA-1455,2026-07-15T08:49:00,4,fr,feature_request,billing,clinical_documentation,0.857,0,,2,0,1.4.0,qwen3.5:9b
AVA-1456,2026-07-14T15:30:00,4,en,feature_request,orders_and_results,patient_portal,0.952,0,,3,0,1.4.0,qwen3.5:9b
AVA-1457,2026-07-13T07:45:00,4,en,feature_request,scheduling,pharmacy,0.897,0,,0,0,1.4.0,qwen3.5:9b
AVA-1458,2026-07-17T07:59:00,4,fr,bug_report,reporting,interoperability,0.714,1,below_confidence_gate,0,0,1.4.0,qwen3.5:9b
AVA-1459,2026-07-19T11:10:00,4,en,bug_report,billing,patient_portal,0.921,0,,0,0,1.4.0,qwen3.5:9b
AVA-1460,2026-07-18T11:09:00,4,en,feature_request,charting,lab_integration,0.871,0,,0,0,1.4.0,qwen3.5:9b
AVA-1461,2026-07-13T10:29:00,4,en,question,patient_intake,patient_portal,0.723,0,,2,0,1.4.0,qwen3.5:9b
AVA-1462,2026-07-16T18:16:00,4,fr,question,orders_and_results,lab_integration,0.427,1,below_confidence_gate,1,0,1.4.0,qwen3.5:9b
AVA-1463,2026-07-17T11:39:00,4,fr,documentation,billing,admin_console,0.644,1,below_confidence_gate,0,0,1.4.0,qwen3.5:9b
AVA-1464,2026-07-16T14:05:00,4,en,documentation,scheduling,patient_portal,0.763,0,,2,0,1.4.0,qwen3.5:9b
AVA-1465,2026-07-16T12:50:00,4,en,bug_report,orders_and_results,clinical_documentation,0.765,0,,1,0,1.4.0,qwen3.5:9b
AVA-1466,2026-07-19T15:05:00,4,en,documentation,scheduling,patient_portal,0.553,1,below_confidence_gate,2,0,1.4.0,qwen3.5:9b
AVA-1467,2026-07-17T16:24:00,4,en,question,billing,pharmacy,0.811,0,,0,0,1.4.0,qwen3.5:9b
AVA-1468,2026-07-18T09:28:00,4,fr,question,charting,interoperability,0.827,0,,0,0,1.4.0,qwen3.5:9b
AVA-1469,2026-07-16T13:55:00,4,en,feature_request,charting,pharmacy,0.981,0,,1,0,1.4.0,qwen3.5:9b
AVA-1470,2026-07-17T12:31:00,4,en,feature_request,reporting,lab_integration,0.938,0,,0,0,1.4.0,qwen3.5:9b
AVA-1471,2026-07-15T15:05:00,4,en,bug_report,orders_and_results,patient_portal,0.887,0,,1,0,1.4.0,qwen3.5:9b
AVA-1472,2026-07-14T11:35:00,4,en,feature_request,patient_intake,lab_integration,0.899,0,,1,0,1.4.0,qwen3.5:9b
AVA-1473,2026-07-17T16:57:00,4,en,question,orders_and_results,clinical_documentation,0.648,1,below_confidence_gate,2,0,1.4.0,qwen3.5:9b
AVA-1474,2026-07-15T18:28:00,4,en,bug_report,charting,clinical_documentation,0.738,0,,2,0,1.4.0,qwen3.5:9b
AVA-1475,2026-07-17T14:09:00,4,en,feature_request,charting,interoperability,0.768,0,,0,0,1.4.0,qwen3.5:9b
AVA-1476,2026-07-16T18:33:00,4,en,access_request,patient_intake,patient_portal,0.766,0,,0,0,1.4.0,qwen3.5:9b
AVA-1477,2026-07-13T16:20:00,4,en,access_request,charting,patient_portal,0.914,0,,0,0,1.4.0,qwen3.5:9b
AVA-1478,2026-07-15T07:24:00,4,en,bug_report,billing,lab_integration,0.797,0,,4,0,1.4.0,qwen3.5:9b
AVA-1479,2026-07-16T13:43:00,4,en,bug_report,charting,pharmacy,0.444,1,below_confidence_gate,0,0,1.4.0,qwen3.5:9b
AVA-1480,2026-07-16T15:30:00,4,en,feature_request,billing,admin_console,0.908,0,,1,0,1.4.0,qwen3.5:9b
AVA-1481,2026-07-24T12:55:00,5,fr,access_request,reporting,pharmacy,0.472,1,below_confidence_gate,0,0,1.4.0,qwen3.5:9b
AVA-1482,2026-07-21T12:28:00,5,en,question,scheduling,lab_integration,0.837,0,,2,0,1.4.0,qwen3.5:9b
AVA-1483,2026-07-22T15:24:00,5,en,bug_report,charting,admin_console,0.925,0,,2,0,1.4.0,qwen3.5:9b
AVA-1484,2026-07-25T08:43:00,5,en,question,orders_and_results,lab_integration,0.908,0,,0,0,1.4.0,qwen3.5:9b
AVA-1485,2026-07-22T17:57:00,5,en,documentation,orders_and_results,admin_console,0.576,1,below_confidence_gate,1,0,1.4.0,qwen3.5:9b
AVA-1486,2026-07-23T13:19:00,5,fr,bug_report,charting,clinical_documentation,0.449,1,below_confidence_gate,2,0,1.4.0,qwen3.5:9b
AVA-1487,2026-07-24T11:20:00,5,en,access_request,charting,admin_console,0.739,0,,0,0,1.4.0,qwen3.5:9b
AVA-1488,2026-07-25T17:56:00,5,en,question,orders_and_results,pharmacy,0.847,0,,2,0,1.4.0,qwen3.5:9b
AVA-1489,2026-07-20T09:10:00,5,en,access_request,patient_intake,interoperability,0.783,0,,2,0,1.4.0,qwen3.5:9b
AVA-1490,2026-07-20T15:27:00,5,en,bug_report,charting,lab_integration,0.935,0,,1,0,1.4.0,qwen3.5:9b
AVA-1491,2026-07-21T15:21:00,5,en,bug_report,patient_intake,patient_portal,0.962,0,,1,0,1.4.0,qwen3.5:9b
AVA-1492,2026-07-20T12:49:00,5,en,feature_request,billing,pharmacy,0.389,1,below_confidence_gate,2,0,1.4.0,qwen3.5:9b
AVA-1493,2026-07-24T11:56:00,5,en,question,orders_and_results,clinical_documentation,0.811,0,,2,0,1.4.0,qwen3.5:9b
AVA-1494,2026-07-23T18:46:00,5,en,bug_report,reporting,clinical_documentation,0.893,0,,0,0,1.4.0,qwen3.5:9b
AVA-1495,2026-07-21T13:46:00,5,en,feature_request,charting,patient_portal,0.924,0,,4,0,1.4.0,qwen3.5:9b
AVA-1496,2026-07-26T13:40:00,5,en,bug_report,charting,pharmacy,0.619,1,below_confidence_gate,0,0,1.4.0,qwen3.5:9b
AVA-1497,2026-07-25T07:16:00,5,en,access_request,charting,lab_integration,0.915,0,,1,0,1.4.0,qwen3.5:9b
AVA-1498,2026-07-25T16:43:00,5,fr,question,patient_intake,lab_integration,0.837,0,,4,0,1.4.0,qwen3.5:9b
AVA-1499,2026-07-20T09:23:00,5,fr,feature_request,billing,clinical_documentation,0.756,0,,0,0,1.4.0,qwen3.5:9b
AVA-1500,2026-07-22T13:07:00,5,en,feature_request,charting,interoperability,0.839,0,,0,0,1.4.0,qwen3.5:9b
AVA-1501,2026-07-24T08:43:00,5,en,bug_report,scheduling,interoperability,0.598,1,below_confidence_gate,3,0,1.4.0,qwen3.5:9b
AVA-1502,2026-07-21T11:38:00,5,en,question,orders_and_results,admin_console,0.795,0,,1,0,1.4.0,qwen3.5:9b
AVA-1503,2026-07-26T17:02:00,5,en,bug_report,charting,lab_integration,0.895,0,,1,0,1.4.0,qwen3.5:9b
AVA-1504,2026-07-24T08:13:00,5,en,documentation,patient_intake,patient_portal,0.83,0,,2,0,1.4.0,qwen3.5:9b
AVA-1505,2026-07-26T07:33:00,5,en,bug_report,charting,lab_integration,0.98,0,,1,0,1.4.0,qwen3.5:9b
AVA-1506,2026-07-21T15:54:00,5,fr,feature_request,scheduling,lab_integration,0.381,1,below_confidence_gate,2,0,1.4.0,qwen3.5:9b
AVA-1507,2026-07-24T18:43:00,5,fr,feature_request,reporting,interoperability,0.49,1,below_confidence_gate,2,0,1.4.0,qwen3.5:9b
AVA-1508,2026-07-21T13:01:00,5,fr,question,patient_intake,patient_portal,0.404,1,below_confidence_gate,1,0,1.4.0,qwen3.5:9b
AVA-1509,2026-07-22T13:37:00,5,en,documentation,scheduling,patient_portal,0.789,0,,0,0,1.4.0,qwen3.5:9b
AVA-1510,2026-07-24T11:59:00,5,en,question,billing,lab_integration,0.982,0,,1,0,1.4.0,qwen3.5:9b
AVA-1511,2026-07-22T17:52:00,5,en,bug_report,billing,pharmacy,0.827,0,,1,0,1.4.0,qwen3.5:9b
AVA-1512,2026-07-24T08:13:00,5,en,access_request,charting,pharmacy,0.925,0,,3,0,1.4.0,qwen3.5:9b
AVA-1513,2026-07-25T11:36:00,5,en,question,scheduling,lab_integration,0.808,0,,0,0,1.4.0,qwen3.5:9b
AVA-1514,2026-07-20T14:01:00,5,en,access_request,billing,pharmacy,0.947,0,,1,0,1.4.0,qwen3.5:9b
AVA-1515,2026-07-26T14:15:00,5,en,bug_report,orders_and_results,interoperability,0.712,1,below_confidence_gate,1,0,1.4.0,qwen3.5:9b
AVA-1516,2026-07-23T16:20:00,5,fr,question,reporting,patient_portal,0.627,1,below_confidence_gate,0,0,1.4.0,qwen3.5:9b
AVA-1517,2026-07-26T17:58:00,5,en,bug_report,reporting,clinical_documentation,0.843,0,,1,0,1.4.0,qwen3.5:9b
AVA-1518,2026-07-24T08:27:00,5,en,feature_request,scheduling,admin_console,0.879,0,,0,0,1.4.0,qwen3.5:9b
AVA-1519,2026-07-22T14:42:00,5,en,documentation,patient_intake,admin_console,0.936,0,,1,0,1.4.0,qwen3.5:9b
AVA-1520,2026-07-26T07:54:00,5,en,feature_request,orders_and_results,lab_integration,0.82,0,,0,0,1.4.0,qwen3.5:9b
AVA-1521,2026-07-22T17:08:00,5,en,question,charting,lab_integration,0.663,1,below_confidence_gate,2,0,1.4.0,qwen3.5:9b
AVA-1522,2026-07-26T13:11:00,5,en,question,billing,interoperability,0.833,0,,3,0,1.4.0,qwen3.5:9b
AVA-1523,2026-07-23T14:33:00,5,en,question,billing,interoperability,0.792,0,,0,0,1.4.0,qwen3.5:9b
AVA-1524,2026-07-24T15:20:00,5,en,feature_request,patient_intake,clinical_documentation,0.754,0,,1,0,1.4.0,qwen3.5:9b
AVA-1525,2026-07-20T10:25:00,5,en,bug_report,charting,patient_portal,0.969,0,,0,0,1.4.0,qwen3.5:9b
AVA-1526,2026-07-25T17:23:00,5,en,feature_request,billing,pharmacy,0.86,0,,3,0,1.4.0,qwen3.5:9b
AVA-1527,2026-07-23T14:53:00,5,en,question,scheduling,interoperability,0.924,0,,1,0,1.4.0,qwen3.5:9b
AVA-1528,2026-07-24T16:29:00,5,fr,question,patient_intake,patient_portal,0.76,0,,1,0,1.4.0,qwen3.5:9b
AVA-1529,2026-07-25T10:42:00,5,en,feature_request,scheduling,patient_portal,0.724,0,,0,0,1.4.0,qwen3.5:9b
AVA-1530,2026-07-24T10:23:00,5,en,bug_report,billing,admin_console,0.819,0,,1,0,1.4.0,qwen3.5:9b
AVA-1531,2026-07-22T11:02:00,5,en,feature_request,orders_and_results,interoperability,0.774,0,,2,0,1.4.0,qwen3.5:9b
AVA-1532,2026-07-20T10:16:00,5,en,question,charting,admin_console,0.429,1,below_confidence_gate,1,0,1.4.0,qwen3.5:9b
AVA-1533,2026-07-21T08:01:00,5,fr,documentation,orders_and_results,admin_console,0.922,0,,3,0,1.4.0,qwen3.5:9b
AVA-1534,2026-07-23T07:43:00,5,en,bug_report,billing,patient_portal,0.788,0,,2,0,1.4.0,qwen3.5:9b
AVA-1535,2026-07-20T09:29:00,5,en,question,orders_and_results,pharmacy,0.927,0,,2,0,1.4.0,qwen3.5:9b
AVA-1536,2026-07-21T10:53:00,5,en,documentation,orders_and_results,pharmacy,0.799,0,,1,0,1.4.0,qwen3.5:9b
AVA-1537,2026-07-26T17:58:00,5,en,bug_report,scheduling,admin_console,0.923,0,,1,0,1.4.0,qwen3.5:9b
AVA-1538,2026-07-22T13:53:00,5,fr,documentation,orders_and_results,lab_integration,0.468,1,below_confidence_gate,2,0,1.4.0,qwen3.5:9b
AVA-1539,2026-07-22T16:50:00,5,en,feature_request,charting,admin_console,0.647,1,below_confidence_gate,2,0,1.4.0,qwen3.5:9b
AVA-1540,2026-07-21T17:59:00,5,en,documentation,orders_and_results,clinical_documentation,0.939,0,,0,0,1.4.0,qwen3.5:9b
AVA-1541,2026-07-26T10:22:00,5,fr,question,charting,patient_portal,0.828,0,,2,0,1.4.0,qwen3.5:9b
AVA-1542,2026-07-21T16:02:00,5,fr,question,charting,patient_portal,0.819,0,,1,0,1.4.0,qwen3.5:9b
AVA-1543,2026-07-25T08:18:00,5,en,feature_request,charting,clinical_documentation,0.746,0,,1,0,1.4.0,qwen3.5:9b
AVA-1544,2026-07-23T12:35:00,5,en,bug_report,scheduling,lab_integration,0.593,1,below_confidence_gate,3,0,1.4.0,qwen3.5:9b
AVA-1545,2026-07-22T11:23:00,5,en,feature_request,charting,patient_portal,0.752,0,,2,0,1.4.0,qwen3.5:9b
AVA-1546,2026-07-25T15:30:00,5,en,access_request,reporting,pharmacy,0.796,0,,0,0,1.4.0,qwen3.5:9b
AVA-1547,2026-07-26T10:36:00,5,fr,bug_report,scheduling,pharmacy,0.843,0,,0,0,1.4.0,qwen3.5:9b
AVA-1548,2026-07-25T15:10:00,5,en,feature_request,billing,patient_portal,0.732,0,,0,0,1.4.0,qwen3.5:9b
AVA-1549,2026-07-23T11:21:00,5,en,question,reporting,patient_portal,0.523,1,below_confidence_gate,0,0,1.4.0,qwen3.5:9b
AVA-1550,2026-07-23T18:56:00,5,en,access_request,patient_intake,patient_portal,0.827,0,,2,0,1.4.0,qwen3.5:9b
AVA-1551,2026-07-21T18:39:00,5,en,bug_report,billing,patient_portal,0.978,0,,2,0,1.4.0,qwen3.5:9b
AVA-1552,2026-07-24T16:02:00,5,en,question,billing,clinical_documentation,0.883,0,,0,0,1.4.0,qwen3.5:9b
AVA-1553,2026-07-22T08:56:00,5,en,access_request,reporting,admin_console,0.842,0,,0,0,1.4.0,qwen3.5:9b
AVA-1554,2026-07-24T16:05:00,5,fr,bug_report,scheduling,clinical_documentation,0.97,0,,1,0,1.4.0,qwen3.5:9b
AVA-1555,2026-07-25T15:31:00,5,fr,feature_request,scheduling,lab_integration,0.832,0,,1,0,1.4.0,qwen3.5:9b
AVA-1556,2026-07-26T15:40:00,5,en,bug_report,charting,interoperability,0.567,1,below_confidence_gate,2,0,1.4.0,qwen3.5:9b
AVA-1557,2026-07-21T07:24:00,5,en,bug_report,scheduling,interoperability,0.979,0,,0,0,1.4.0,qwen3.5:9b
AVA-1558,2026-07-20T10:18:00,5,en,bug_report,charting,clinical_documentation,0.917,0,,0,0,1.4.0,qwen3.5:9b
AVA-1559,2026-07-26T08:17:00,5,en,documentation,charting,interoperability,0.725,0,,0,0,1.4.0,qwen3.5:9b
AVA-1560,2026-07-23T14:18:00,5,en,access_request,billing,clinical_documentation,0.936,0,,1,0,1.4.0,qwen3.5:9b
AVA-1561,2026-07-26T15:30:00,5,fr,bug_report,billing,patient_portal,0.733,0,,0,0,1.4.0,qwen3.5:9b
AVA-1562,2026-07-21T18:42:00,5,en,feature_request,patient_intake,admin_console,0.956,0,,0,0,1.4.0,qwen3.5:9b
AVA-1563,2026-07-21T07:38:00,5,en,documentation,scheduling,pharmacy,0.683,1,below_confidence_gate,1,0,1.4.0,qwen3.5:9b
AVA-1564,2026-07-26T17:46:00,5,en,bug_report,scheduling,interoperability,0.885,0,,0,0,1.4.0,qwen3.5:9b
AVA-1565,2026-07-25T18:21:00,5,en,access_request,reporting,admin_console,0.883,0,,2,0,1.4.0,qwen3.5:9b
AVA-1566,2026-07-21T17:10:00,5,en,bug_report,scheduling,interoperability,0.845,0,,0,0,1.4.0,qwen3.5:9b
AVA-1567,2026-07-24T10:04:00,5,en,bug_report,charting,clinical_documentation,0.922,0,,2,0,1.4.0,qwen3.5:9b
AVA-1568,2026-07-22T14:46:00,5,en,bug_report,billing,pharmacy,0.91,0,,1,0,1.4.0,qwen3.5:9b
AVA-1569,2026-07-24T09:46:00,5,en,bug_report,patient_intake,lab_integration,0.398,1,below_confidence_gate,2,0,1.4.0,qwen3.5:9b
AVA-1570,2026-07-24T17:41:00,5,en,feature_request,patient_intake,patient_portal,0.793,0,,2,0,1.4.0,qwen3.5:9b
AVA-1571,2026-07-26T16:08:00,5,en,bug_report,charting,lab_integration,0.812,0,,3,0,1.4.0,qwen3.5:9b
AVA-1572,2026-07-25T12:58:00,5,en,bug_report,billing,lab_integration,0.833,0,,1,0,1.4.0,qwen3.5:9b
AVA-1573,2026-07-21T17:31:00,5,en,access_request,scheduling,patient_portal,0.886,0,,0,0,1.4.0,qwen3.5:9b
AVA-1574,2026-07-20T08:08:00,5,en,feature_request,orders_and_results,interoperability,0.9,0,,4,0,1.4.0,qwen3.5:9b
AVA-1575,2026-07-24T09:33:00,5,en,bug_report,charting,admin_console,0.967,0,,0,0,1.4.0,qwen3.5:9b
AVA-1576,2026-07-23T17:00:00,5,en,bug_report,billing,interoperability,0.741,0,,1,0,1.4.0,qwen3.5:9b
AVA-1577,2026-07-24T18:18:00,5,en,question,orders_and_results,patient_portal,0.765,0,,1,0,1.4.0,qwen3.5:9b
AVA-1578,2026-07-26T07:29:00,5,en,access_request,reporting,admin_console,0.93,0,,3,0,1.4.0,qwen3.5:9b
AVA-1579,2026-07-26T09:08:00,5,fr,documentation,charting,interoperability,0.665,1,below_confidence_gate,1,0,1.4.0,qwen3.5:9b
AVA-1580,2026-07-25T09:29:00,5,en,feature_request,billing,lab_integration,0.49,1,below_confidence_gate,1,0,1.4.0,qwen3.5:9b
AVA-1581,2026-07-23T09:36:00,5,en,bug_report,patient_intake,pharmacy,0.896,0,,4,0,1.4.0,qwen3.5:9b
AVA-1582,2026-07-22T11:01:00,5,en,documentation,scheduling,admin_console,0.942,0,,2,0,1.4.0,qwen3.5:9b
AVA-1583,2026-07-21T10:46:00,5,en,documentation,reporting,clinical_documentation,0.744,0,,2,0,1.4.0,qwen3.5:9b
AVA-1584,2026-07-24T15:49:00,5,en,feature_request,charting,lab_integration,0.735,0,,2,0,1.4.0,qwen3.5:9b
AVA-1585,2026-07-24T16:17:00,5,en,bug_report,billing,lab_integration,0.834,0,,0,0,1.4.0,qwen3.5:9b
AVA-1586,2026-07-26T13:56:00,5,en,bug_report,scheduling,admin_console,0.791,0,,0,0,1.4.0,qwen3.5:9b
AVA-1587,2026-07-22T11:53:00,5,en,question,billing,pharmacy,0.622,1,below_confidence_gate,1,0,1.4.0,qwen3.5:9b
AVA-1588,2026-07-24T11:21:00,5,en,bug_report,scheduling,clinical_documentation,0.438,1,below_confidence_gate,0,0,1.4.0,qwen3.5:9b
AVA-1589,2026-07-26T07:50:00,5,en,access_request,patient_intake,clinical_documentation,0.982,0,,0,0,1.4.0,qwen3.5:9b
AVA-1590,2026-07-23T18:45:00,5,en,question,orders_and_results,clinical_documentation,0.937,0,,0,0,1.4.0,qwen3.5:9b
